Frame,Estado,Angulo_Joelho_Esquerdo,Angulo_Joelho_Direito,Angulo_Tornozelo_Esquerdo,Angulo_Tornozelo_Direito,Distancia_Pes_Px,Distancia_Ombros_Px,Ombro_Esquerdo_Y_Px,Ombro_Direito_Y_Px,Quadril_Esquerdo_Y_Px,Quadril_Direito_Y_Px
1,0,176.57,176.08,158.50,155.73,60.00,49.00,144,145,215,216
2,0,176.57,176.09,158.30,156.10,60.00,48.00,144,145,215,216
3,0,176.18,176.05,158.10,156.37,60.00,48.00,144,146,215,216
4,0,175.65,175.69,157.80,156.54,60.00,48.00,144,146,216,216
5,0,175.13,174.78,157.90,157.10,60.00,48.00,145,146,216,217
6,0,174.61,174.15,158.06,157.54,60.00,48.00,145,147,216,217
7,0,173.86,173.13,158.32,158.22,60.00,48.00,146,147,217,218
8,0,173.40,172.40,158.42,158.74,60.00,48.00,147,148,218,218
9,0,172.80,172.01,158.48,159.20,60.00,49.00,147,149,218,219
10,0,172.10,170.86,158.50,159.84,60.00,48.00,148,150,219,220
11,0,170.95,169.18,158.88,160.62,60.00,48.00,150,152,219,220
12,0,169.75,167.98,159.13,161.07,60.00,48.00,152,154,220,222
13,0,168.32,166.96,159.40,160.78,61.00,48.00,154,155,221,223
14,0,166.66,166.05,159.85,160.68,61.00,47.00,155,157,222,224
15,0,165.09,164.38,160.14,160.62,61.00,47.00,157,158,223,225
16,1,163.25,163.09,160.40,160.39,61.00,47.00,158,160,224,225
17,1,161.45,161.93,160.79,160.20,62.00,47.00,159,161,225,226
18,1,160.00,161.16,161.11,160.11,62.00,47.00,162,163,226,227
19,1,158.73,159.95,160.94,160.23,62.00,47.00,163,165,228,228
20,1,157.40,159.06,161.19,160.30,62.00,47.00,165,167,229,229
21,1,156.63,157.92,160.94,160.24,62.00,47.00,167,169,230,231
22,1,155.76,156.75,160.10,160.14,62.00,47.00,169,171,232,232
23,1,154.87,156.18,159.56,160.02,62.00,47.00,171,173,233,233
24,1,154.13,155.53,159.53,160.31,62.00,47.00,173,174,234,234
25,1,152.90,154.64,159.59,160.49,62.00,48.00,175,176,235,236
26,1,151.90,153.65,159.26,160.90,62.00,48.00,177,178,237,237
27,1,151.89,152.34,158.69,161.17,62.00,48.00,179,180,238,238
28,1,151.31,151.44,158.85,161.04,62.00,48.00,180,181,239,239
29,1,150.77,150.45,158.46,161.08,62.00,47.00,181,182,240,240
30,1,149.27,148.80,158.23,161.75,62.00,47.00,184,184,242,242
31,1,148.06,147.10,158.30,162.85,62.00,47.00,187,187,243,244
32,1,145.96,145.65,158.80,163.55,62.00,47.00,190,190,245,246
33,1,143.99,144.81,158.94,163.96,62.00,46.00,190,190,246,247
34,1,142.39,143.33,159.61,163.72,62.00,47.00,193,193,247,248
35,1,141.16,142.01,159.98,163.29,62.00,47.00,195,194,248,249
36,1,139.64,140.51,160.51,163.62,62.00,47.00,196,195,250,251
37,1,137.95,138.87,160.13,164.11,62.00,47.00,198,197,251,252
38,1,136.20,137.68,159.20,162.37,62.00,47.00,199,199,253,253
39,1,134.51,135.98,157.68,160.72,62.00,48.00,201,201,254,255
40,1,133.18,134.27,157.02,160.33,62.00,48.00,202,203,255,256
41,1,131.38,132.30,156.74,160.24,62.00,48.00,203,204,257,257
42,1,129.71,129.84,156.71,160.49,62.00,48.00,205,206,258,259
43,1,127.32,127.32,156.76,162.06,62.00,48.00,206,207,260,260
44,1,126.48,125.62,158.05,163.98,62.00,48.00,207,209,261,261
45,1,125.36,124.39,158.61,164.38,62.00,48.00,208,210,261,262
46,1,123.21,121.70,159.68,164.78,62.00,49.00,210,212,263,264
47,2,119.68,119.16,160.28,165.00,62.00,49.00,212,213,264,265
48,2,117.62,118.06,160.79,165.18,61.00,49.00,212,213,265,266
49,2,116.79,116.72,161.36,165.10,61.00,49.00,213,215,266,266
50,2,115.90,114.54,161.48,164.60,61.00,49.00,214,216,267,267
51,2,113.69,111.30,161.34,163.88,61.00,49.00,215,217,268,269
52,2,112.20,109.24,160.39,162.99,61.00,49.00,215,217,269,270
53,2,110.42,107.17,159.24,162.75,61.00,48.00,217,218,270,271
54,2,107.60,104.49,157.69,162.57,61.00,48.00,218,218,271,271
55,2,105.77,102.52,156.97,162.42,61.00,48.00,219,219,271,272
56,2,103.53,100.21,156.53,161.79,61.00,48.00,219,219,272,273
57,2,101.15,98.40,156.33,161.41,61.00,49.00,219,219,273,273
58,2,100.30,96.59,156.17,161.27,61.00,49.00,219,219,273,274
59,2,99.66,95.41,156.37,161.23,61.00,49.00,219,219,273,274
60,2,99.40,95.37,156.41,161.01,61.00,48.00,219,219,274,274
61,2,99.24,95.14,156.59,161.21,61.00,48.00,219,219,274,274
62,2,99.54,95.01,156.92,161.74,61.00,48.00,219,219,274,274
63,2,99.48,94.99,157.15,162.10,61.00,48.00,219,219,274,274
64,2,99.77,95.22,157.34,162.34,61.00,48.00,219,219,274,274
65,2,100.13,95.46,157.56,162.78,61.00,48.00,219,219,274,274
66,2,100.46,95.57,157.75,163.44,61.00,48.00,218,219,273,274
67,2,101.24,96.82,157.96,163.82,61.00,48.00,218,219,273,274
68,2,102.70,99.89,158.26,164.12,61.00,49.00,218,218,273,273
69,2,106.29,104.08,158.32,164.62,61.00,49.00,217,218,271,271
70,2,109.38,109.41,158.14,164.74,61.00,49.00,215,216,270,269
71,2,112.53,112.48,158.01,164.66,61.00,49.00,213,214,268,268
72,2,117.29,116.90,157.77,164.73,61.00,49.00,210,212,265,265
73,1,123.20,122.32,157.42,164.47,61.00,49.00,208,209,262,263
74,1,127.89,126.92,156.74,164.10,61.00,48.00,205,206,259,260
75,1,132.99,131.34,156.95,163.10,61.00,48.00,202,203,256,257
76,1,135.37,134.13,158.27,163.35,61.00,48.00,199,201,254,255
77,1,137.59,136.90,159.93,163.94,61.00,48.00,197,198,251,252
78,1,140.19,139.24,160.69,163.52,61.00,47.00,194,194,249,249
79,1,143.22,141.60,160.08,163.20,61.00,46.00,190,191,246,246
80,1,145.71,144.86,158.66,161.77,61.00,46.00,186,187,243,243
81,1,148.19,147.25,157.96,160.94,61.00,45.00,183,184,241,241
82,1,150.99,149.86,157.59,160.75,61.00,45.00,180,181,238,238
83,1,153.72,152.04,157.23,161.40,61.00,45.00,176,178,235,236
84,1,155.05,153.24,157.07,161.23,61.00,46.00,173,175,234,234
85,1,156.76,155.22,156.74,161.00,61.00,46.00,170,171,231,231
86,1,158.62,156.86,156.60,161.24,62.00,46.00,167,168,228,229
87,1,160.84,157.73,156.25,161.71,62.00,46.00,164,165,226,226
88,0,162.21,159.01,155.66,161.93,62.00,46.00,161,162,224,224
89,0,163.53,160.95,155.56,161.46,62.00,46.00,158,160,222,223
90,0,166.38,162.84,154.08,161.10,62.00,46.00,154,156,221,221
91,0,168.32,165.05,153.77,160.45,62.00,46.00,152,154,219,220
92,0,169.91,167.00,153.97,159.87,62.00,46.00,150,152,218,219
93,0,171.54,168.43,153.81,159.22,62.00,46.00,148,150,217,217
94,0,172.32,169.78,153.77,159.00,61.00,46.00,147,148,217,217
95,0,173.04,171.27,153.80,158.97,61.00,46.00,147,147,216,216
96,0,173.68,172.83,153.83,158.93,61.00,46.00,145,147,216,215
97,0,174.73,174.28,153.72,158.93,61.00,46.00,144,146,215,215
98,0,175.72,175.30,153.72,158.61,61.00,46.00,144,145,215,214
99,0,176.39,175.69,154.24,158.60,61.00,46.00,144,145,214,214
100,0,176.64,176.18,154.48,158.47,61.00,46.00,144,145,214,214
101,0,176.76,176.69,154.74,158.32,61.00,46.00,144,145,214,214
102,0,176.89,176.97,154.87,158.09,61.00,46.00,144,145,214,214
103,0,177.06,177.19,154.92,157.90,61.00,46.00,144,145,214,214
104,0,177.18,177.24,154.97,157.92,61.00,46.00,144,145,214,214
105,0,177.25,177.31,155.02,157.89,61.00,46.00,144,145,214,214
106,0,177.27,177.34,155.12,157.97,61.00,46.00,144,145,215,214
107,0,177.28,177.36,155.19,158.03,61.00,46.00,144,145,215,214
108,0,177.27,177.34,155.26,158.12,61.00,46.00,144,145,215,214
109,0,177.28,177.29,155.33,158.17,61.00,45.00,145,145,215,214
110,0,177.26,177.24,155.39,158.19,61.00,45.00,145,145,215,214
111,0,177.25,177.19,155.45,158.30,61.00,45.00,145,145,215,214
112,0,177.26,177.15,155.51,158.43,61.00,47.00,145,145,215,214
113,0,177.26,177.12,155.52,158.52,61.00,46.00,145,145,215,214
114,0,177.20,176.97,155.53,158.56,61.00,46.00,145,145,215,214
115,0,176.88,176.76,155.67,158.63,61.00,47.00,145,145,215,215
116,0,176.29,176.33,155.88,158.73,61.00,47.00,145,146,215,215
117,0,175.87,175.86,156.02,158.88,61.00,47.00,145,146,215,215
118,0,175.32,175.41,156.16,158.97,61.00,47.00,145,146,215,215
119,0,174.65,174.67,156.49,159.30,61.00,47.00,145,147,215,215
120,0,174.01,173.55,156.82,159.73,61.00,47.00,146,147,216,216
121,0,173.23,172.16,157.14,160.21,61.00,47.00,147,149,216,217
122,0,172.42,171.39,157.42,160.51,61.00,47.00,148,150,217,218
123,0,171.36,170.36,157.80,160.55,61.00,48.00,150,151,218,219
124,0,170.31,169.27,158.19,160.54,61.00,48.00,151,153,219,220
125,0,168.85,167.75,158.55,160.77,61.00,46.00,154,155,221,222
126,0,166.89,166.29,158.83,160.98,61.00,46.00,156,157,222,224
127,0,164.62,164.83,159.55,160.91,61.00,46.00,157,159,223,225
128,1,162.51,163.20,159.76,160.81,61.00,46.00,160,162,224,226
129,1,161.31,162.31,160.15,160.71,61.00,47.00,162,163,225,226
130,1,159.81,161.39,160.43,160.98,61.00,47.00,164,166,227,227
131,1,158.36,159.78,160.58,160.44,62.00,47.00,166,168,228,229
132,1,157.14,158.12,160.93,159.95,62.00,47.00,169,170,230,230
133,1,155.75,156.74,160.68,159.40,62.00,47.00,171,173,231,232
134,1,154.43,155.96,160.69,159.57,62.00,47.00,174,175,233,234
135,1,153.89,154.98,160.38,159.63,62.00,47.00,177,178,234,235
136,1,152.74,153.20,160.03,160.19,62.00,47.00,179,179,236,236
137,1,151.17,151.34,159.57,160.74,62.00,47.00,182,182,238,238
138,1,150.44,149.43,159.55,161.32,62.00,47.00,185,183,240,240
139,1,148.73,147.27,158.68,161.35,62.00,47.00,188,187,242,242
140,1,147.33,145.77,158.37,161.63,62.00,47.00,190,189,244,244
141,1,145.91,144.22,158.08,162.77,62.00,47.00,193,192,246,246
142,1,143.81,141.73,158.12,162.96,62.00,47.00,195,194,247,248
143,1,141.17,139.85,158.78,163.01,62.00,47.00,198,197,249,250
144,1,138.74,137.73,159.21,163.62,62.00,47.00,199,199,251,251
145,1,136.25,135.68,159.38,164.47,62.00,48.00,202,201,253,253
146,1,133.51,133.44,158.88,163.16,62.00,48.00,204,203,254,255
147,1,129.11,129.71,158.62,162.18,61.00,48.00,206,205,257,257
148,1,127.06,127.13,158.40,161.82,60.00,48.00,208,208,258,259
149,1,125.00,124.03,158.54,162.03,60.00,48.00,210,209,260,260
150,1,125.18,122.42,159.05,163.26,60.00,48.00,212,211,261,261
151,1,122.12,118.81,159.29,163.64,61.00,48.00,213,213,263,263
152,2,120.45,115.64,159.86,164.15,61.00,48.00,214,214,264,265
153,2,115.81,111.66,160.90,164.60,61.00,48.00,215,216,266,266
154,2,111.31,107.93,161.08,164.89,61.00,48.00,216,217,268,268
155,2,107.31,103.26,161.45,165.29,61.00,48.00,217,218,269,270
156,2,103.80,99.40,160.96,164.38,61.00,48.00,218,219,270,271
157,2,100.36,96.98,160.17,163.58,61.00,48.00,220,220,271,272
158,2,97.63,92.52,158.33,163.41,61.00,48.00,221,220,273,273
159,2,94.32,88.42,157.21,163.27,61.00,47.00,221,222,274,275
160,2,92.78,86.10,157.00,162.84,61.00,47.00,221,222,274,276
161,2,93.80,86.10,156.91,162.87,61.00,47.00,221,222,274,276
162,2,94.75,86.53,156.93,163.38,61.00,47.00,221,222,275,276
163,2,94.08,86.62,157.13,163.43,61.00,47.00,222,222,275,276
164,2,93.80,86.91,157.61,163.84,61.00,47.00,222,222,275,277
165,2,92.99,87.41,158.00,163.90,61.00,46.00,222,223,275,277
166,2,93.29,87.93,158.35,164.12,61.00,46.00,222,223,275,277
167,2,93.22,88.17,158.26,164.29,61.00,46.00,222,223,275,277
168,2,93.58,88.70,158.07,164.31,61.00,46.00,222,223,275,277
169,2,93.83,89.05,157.95,164.31,61.00,46.00,222,223,275,277
170,2,94.02,89.76,158.19,164.34,61.00,46.00,222,223,275,276
171,2,93.56,90.02,158.37,164.33,61.00,46.00,221,223,275,276
172,2,93.98,91.83,158.50,164.31,61.00,46.00,221,222,275,276
173,2,96.85,96.07,158.71,164.40,61.00,46.00,220,221,274,274
174,2,101.04,100.67,158.91,164.62,61.00,47.00,219,220,272,273
175,2,104.75,104.45,158.88,164.85,61.00,47.00,218,219,271,271
176,2,109.97,109.64,158.80,165.10,61.00,48.00,216,217,269,269
177,2,115.12,114.70,158.63,165.07,61.00,49.00,213,214,266,267
178,2,120.21,118.52,158.30,165.15,61.00,49.00,211,212,264,264
179,1,123.23,121.21,157.47,165.26,61.00,49.00,208,209,261,262
180,1,128.92,125.86,156.24,164.39,61.00,49.00,205,206,258,259
181,1,132.97,129.97,156.94,164.76,61.00,49.00,202,203,255,256
182,1,136.07,133.36,158.23,165.50,61.00,48.00,199,200,253,253
183,1,138.87,136.35,159.27,164.73,62.00,49.00,197,198,250,251
184,1,141.95,139.85,158.82,163.97,62.00,49.00,194,195,248,248
185,1,144.33,142.89,158.07,162.87,62.00,48.00,191,191,245,245
186,1,147.22,146.02,156.55,160.82,62.00,48.00,186,189,242,242
187,1,149.83,148.89,156.13,159.99,62.00,47.00,182,184,239,240
188,1,152.10,151.29,155.98,159.64,62.00,47.00,178,182,236,237
189,1,154.32,153.20,155.70,159.39,63.00,46.00,175,179,234,235
190,1,156.70,154.62,155.30,159.52,63.00,46.00,171,175,231,232
191,1,158.58,156.35,155.22,159.54,63.00,46.00,169,172,229,230
192,1,160.40,157.45,155.14,160.15,62.00,46.00,166,168,226,227
193,1,161.47,158.42,155.01,160.25,62.00,46.00,163,164,225,226
194,0,162.82,160.06,154.79,160.39,62.00,46.00,160,161,223,224
195,0,166.27,161.82,153.84,160.18,62.00,46.00,156,159,221,222
196,0,168.29,164.16,153.98,159.34,62.00,46.00,153,156,219,221
197,0,170.18,167.03,154.74,158.55,62.00,46.00,150,153,218,219
198,0,171.74,168.99,154.89,157.70,62.00,46.00,148,151,216,217
199,0,172.97,170.10,154.86,157.10,62.00,46.00,146,149,215,216
200,0,174.05,171.22,154.58,157.07,62.00,46.00,146,148,214,215
201,0,174.86,172.86,154.48,157.27,62.00,46.00,145,146,214,215
202,0,175.71,174.38,154.10,156.90,62.00,46.00,145,146,214,214
203,0,176.36,175.10,154.38,156.73,62.00,46.00,145,146,214,214
204,0,176.55,175.42,155.01,156.37,62.00,46.00,145,146,214,215
205,0,176.88,175.78,155.60,156.21,62.00,46.00,145,146,214,214
206,0,177.05,176.01,156.20,156.38,61.00,46.00,145,146,214,214
207,0,177.12,176.27,156.47,156.52,61.00,46.00,144,146,214,214
208,0,177.16,176.31,156.63,156.96,61.00,46.00,144,146,213,214
209,0,177.12,176.08,156.72,157.45,61.00,47.00,144,146,214,214
210,0,177.15,176.03,156.76,157.70,61.00,47.00,144,146,214,214
211,0,177.20,175.96,156.77,158.04,61.00,47.00,144,146,214,214
212,0,177.26,176.00,156.78,158.12,61.00,47.00,144,146,214,214
213,0,177.31,176.02,156.75,158.15,61.00,47.00,144,146,214,214
214,0,177.40,175.96,156.66,158.15,61.00,47.00,144,146,214,214
215,0,177.47,175.89,156.57,158.20,61.00,47.00,144,146,214,214
216,0,177.47,175.84,156.49,158.22,61.00,47.00,144,146,214,214
217,0,177.30,175.81,156.39,158.16,61.00,48.00,144,146,214,214
218,0,177.01,175.80,156.39,158.11,61.00,48.00,144,146,214,214
219,0,176.70,175.82,156.35,157.86,61.00,48.00,144,146,214,214
220,0,176.21,175.69,156.16,157.84,61.00,48.00,145,146,214,214
221,0,175.44,175.40,156.15,157.90,61.00,48.00,145,147,214,215
222,0,174.41,174.49,156.46,158.35,61.00,48.00,146,147,215,215
223,0,173.51,173.52,156.75,158.89,61.00,48.00,146,148,216,216
224,0,172.71,172.32,157.07,159.46,61.00,48.00,147,149,217,217
225,0,171.31,171.15,157.61,159.54,61.00,48.00,149,151,218,219
226,0,170.09,169.56,158.15,159.62,61.00,48.00,151,153,219,220
227,0,169.05,168.27,158.42,159.57,61.00,47.00,153,155,220,222
228,0,167.21,167.08,158.80,159.45,61.00,48.00,155,157,222,223
229,1,164.34,165.56,159.01,159.20,61.00,48.00,157,159,224,225
230,1,162.12,163.90,159.84,159.12,61.00,47.00,160,162,225,226
231,1,160.70,162.15,160.26,158.75,61.00,47.00,162,164,226,227
232,1,159.55,161.17,160.18,158.78,61.00,47.00,165,166,227,228
233,1,157.99,159.70,160.54,159.06,62.00,46.00,167,170,229,230
234,1,156.65,157.53,160.63,159.22,62.00,46.00,171,173,231,232
235,1,155.66,156.75,160.42,159.07,62.00,47.00,173,176,233,233
236,1,154.95,155.81,160.33,159.18,62.00,47.00,176,178,234,235
237,1,153.86,154.14,160.11,159.62,62.00,47.00,179,180,236,236
238,1,152.07,152.63,160.17,160.10,62.00,47.00,182,182,238,238
239,1,150.55,151.09,159.91,160.28,62.00,46.00,185,185,240,240
240,1,149.06,149.25,159.32,160.70,62.00,47.00,188,189,243,243
241,1,146.83,147.35,159.39,161.74,63.00,48.00,191,191,245,245
242,1,145.56,145.48,159.51,162.88,63.00,48.00,194,193,246,247
243,1,142.52,142.05,159.48,162.88,63.00,48.00,197,196,249,249
244,1,140.42,140.19,159.82,163.04,63.00,48.00,198,197,250,251
245,1,137.84,137.65,159.87,162.77,62.00,48.00,200,200,252,253
246,1,134.55,134.90,159.72,162.24,62.00,48.00,202,202,254,255
247,1,131.62,131.88,158.46,162.13,62.00,49.00,204,204,256,257
248,1,129.13,129.13,158.22,161.63,62.00,49.00,206,206,258,259
249,1,127.16,126.92,158.16,161.95,62.00,49.00,207,208,259,260
250,1,127.13,124.69,158.52,163.09,62.00,49.00,209,209,260,261
251,1,125.15,121.92,159.44,163.64,62.00,49.00,211,211,262,263
252,1,125.20,120.12,160.07,163.73,62.00,49.00,212,212,262,264
253,1,123.09,117.15,160.47,164.35,61.00,49.00,213,213,264,265
254,2,121.26,115.17,160.88,164.63,61.00,48.00,214,215,265,266
255,2,118.26,112.59,161.32,164.65,61.00,49.00,216,216,266,267
256,2,114.77,109.30,161.72,165.18,61.00,49.00,216,217,268,269
257,2,111.83,108.18,161.54,165.53,61.00,49.00,218,217,269,269
258,2,109.59,108.15,161.27,165.38,61.00,49.00,219,218,269,270
259,2,105.74,105.00,160.10,165.07,61.00,49.00,219,219,271,271
260,2,102.00,101.07,158.78,164.37,61.00,49.00,220,220,272,272
261,2,98.27,97.38,157.92,163.72,61.00,49.00,220,220,273,274
262,2,98.41,96.61,156.39,163.43,61.00,49.00,221,220,273,274
263,2,96.79,95.06,156.08,162.90,61.00,49.00,221,221,273,275
264,2,97.42,94.70,155.88,162.70,61.00,48.00,221,221,273,275
265,2,98.84,95.10,155.71,162.62,61.00,48.00,221,220,273,274
266,2,100.77,96.48,155.68,162.68,61.00,48.00,220,220,273,274
267,2,101.81,97.11,155.68,162.68,61.00,48.00,220,220,273,274
268,2,102.44,97.72,155.71,162.63,61.00,47.00,220,220,273,274
269,2,102.94,97.99,155.75,162.62,61.00,47.00,220,220,273,273
270,2,102.99,98.03,155.74,162.62,61.00,48.00,219,219,272,273
271,2,105.91,101.76,155.66,162.71,61.00,48.00,218,218,272,272
272,2,109.07,105.39,155.49,162.75,61.00,48.00,216,217,270,271
273,2,113.75,110.57,155.43,162.96,61.00,49.00,215,216,269,269
274,2,116.00,114.97,155.18,163.27,61.00,49.00,213,214,267,267
275,2,118.78,118.66,155.08,163.48,61.00,49.00,211,212,265,265
276,1,124.12,123.78,154.71,163.48,61.00,49.00,208,209,262,263
277,1,128.55,128.46,154.33,163.53,61.00,49.00,205,206,259,260
278,1,133.07,133.01,155.08,163.24,61.00,48.00,202,203,256,257
279,1,136.46,136.08,157.96,164.12,61.00,48.00,200,201,254,254
280,1,139.23,139.37,160.28,164.99,61.00,49.00,197,197,251,252
281,1,142.95,142.25,160.75,165.19,61.00,48.00,194,194,248,249
282,1,145.08,145.04,159.63,164.37,63.00,47.00,191,190,246,246
283,1,147.57,147.29,157.14,162.66,63.00,47.00,187,187,243,243
284,1,149.78,149.29,156.47,162.32,63.00,46.00,183,184,240,240
285,1,152.12,151.44,156.22,161.91,63.00,46.00,180,182,237,238
286,1,154.94,153.65,155.98,161.58,63.00,46.00,176,178,235,235
287,1,156.88,155.62,155.69,161.29,63.00,46.00,173,175,233,233
288,1,159.13,157.47,155.55,161.11,63.00,46.00,169,172,230,230
289,1,160.88,159.10,155.31,160.78,63.00,46.00,167,168,227,227
290,1,162.75,160.15,154.63,160.36,63.00,46.00,164,166,225,226
291,0,163.88,161.96,154.66,159.92,62.00,46.00,161,162,224,224
292,0,165.74,163.62,154.77,159.66,62.00,46.00,158,160,222,222
293,0,167.97,165.86,155.24,159.01,62.00,46.00,155,157,220,220
294,0,170.29,167.11,155.30,158.72,62.00,46.00,152,155,218,219
295,0,171.97,167.97,155.76,158.07,62.00,46.00,149,152,217,217
296,0,173.15,169.38,155.56,157.15,62.00,46.00,147,150,216,217
297,0,174.45,171.49,154.68,156.31,62.00,46.00,146,149,215,216
298,0,175.28,172.38,154.40,156.29,62.00,46.00,145,148,215,215
299,0,176.20,173.34,154.11,156.36,62.00,46.00,145,147,214,214
300,0,176.83,174.48,153.91,156.56,62.00,46.00,145,147,214,214
301,0,177.14,174.84,153.99,156.87,62.00,46.00,145,147,214,214
302,0,177.40,175.10,154.05,157.10,62.00,46.00,145,147,214,214
303,0,177.66,175.33,154.14,157.13,62.00,47.00,145,147,214,214
304,0,177.79,175.58,154.42,157.06,62.00,47.00,145,147,214,214
305,0,177.65,175.54,154.97,156.91,62.00,47.00,145,147,214,214
306,0,177.59,175.61,155.48,156.74,62.00,47.00,144,147,214,215
307,0,177.57,175.61,155.78,156.63,62.00,47.00,144,147,214,215
308,0,177.56,175.61,155.96,156.52,62.00,47.00,144,146,214,215
309,0,177.59,175.64,156.06,156.41,62.00,47.00,144,146,214,215
310,0,177.61,175.66,156.12,156.32,62.00,47.00,144,147,214,215
311,0,177.63,175.64,156.15,156.28,62.00,47.00,144,147,214,215
312,0,177.65,175.62,156.17,156.26,62.00,48.00,144,146,214,215
313,0,177.63,175.61,156.10,156.24,62.00,48.00,144,146,214,215
314,0,177.48,175.58,156.17,156.23,62.00,48.00,144,146,214,215
315,0,177.35,175.55,156.24,156.23,62.00,47.00,144,146,214,215
316,0,177.04,175.48,156.28,156.27,62.00,47.00,144,146,214,215
317,0,176.60,175.35,156.28,156.33,62.00,47.00,144,146,214,215
318,0,176.01,174.83,156.22,156.55,62.00,47.00,144,147,215,215
319,0,175.28,174.32,156.02,156.66,62.00,47.00,145,147,215,216
320,0,174.50,173.57,156.07,156.67,62.00,47.00,146,148,216,217
321,0,173.69,172.58,156.25,156.79,61.00,48.00,147,149,217,218
322,0,173.16,171.88,156.39,156.87,61.00,48.00,148,150,217,218
323,0,172.06,170.84,156.85,157.31,61.00,48.00,149,151,218,219
324,0,170.71,169.60,157.41,157.73,61.00,47.00,151,153,219,220
325,0,168.90,168.71,157.83,157.53,61.00,47.00,153,155,221,222
326,0,166.68,167.85,158.87,157.25,61.00,47.00,155,157,222,224
327,1,164.82,166.58,159.25,157.25,61.00,47.00,158,160,224,225
328,1,163.00,164.90,159.65,157.90,61.00,47.00,159,161,225,226
329,1,161.47,163.00,159.54,158.41,61.00,47.00,161,164,226,227
330,1,160.24,161.78,159.80,158.67,61.00,47.00,164,166,228,228
331,1,159.04,160.53,159.59,158.56,61.00,47.00,166,168,229,229
332,1,157.81,158.94,159.66,158.45,62.00,47.00,169,171,230,231
333,1,155.99,156.86,159.19,158.24,62.00,47.00,172,174,233,234
334,1,155.07,156.26,158.48,158.54,62.00,46.00,175,177,234,235
335,1,153.77,154.84,158.53,159.24,62.00,46.00,178,179,236,236
336,1,152.80,152.48,158.24,159.99,62.00,46.00,180,182,238,238
337,1,151.81,150.48,158.19,160.29,62.00,46.00,183,184,239,240
338,1,150.39,148.68,157.94,160.90,62.00,47.00,186,186,241,242
339,1,148.54,146.34,157.84,161.58,62.00,47.00,189,190,244,244
340,1,146.81,144.38,157.96,161.86,62.00,47.00,192,193,245,246
341,1,144.36,141.64,158.03,161.39,62.00,48.00,195,195,248,248
342,1,141.91,139.56,158.36,161.29,62.00,48.00,197,197,249,250
343,1,139.28,137.55,158.62,160.85,62.00,48.00,199,200,251,252
344,1,136.72,134.60,158.69,159.92,62.00,48.00,201,202,253,254
345,1,134.45,131.56,158.26,159.30,62.00,48.00,203,204,255,256
346,1,131.22,128.04,156.97,159.02,62.00,49.00,205,205,257,257
347,1,128.25,125.19,156.50,159.86,62.00,49.00,207,208,259,259
348,1,126.38,122.45,156.55,161.06,61.00,49.00,210,209,260,261
349,1,125.31,119.65,157.31,162.82,61.00,49.00,211,211,262,262
350,1,123.08,117.49,157.89,163.63,61.00,49.00,213,213,263,264
351,2,121.06,114.58,159.58,164.71,61.00,48.00,213,214,265,265
352,2,118.66,111.29,160.04,164.91,61.00,48.00,214,215,266,267
353,2,117.73,109.06,160.48,165.43,61.00,48.00,216,217,267,268
354,2,115.53,106.67,160.69,166.26,61.00,48.00,217,218,268,269
355,2,113.65,106.11,160.08,164.91,61.00,48.00,218,219,269,270
356,2,109.84,102.68,159.50,164.05,61.00,48.00,219,219,271,271
357,2,106.06,98.64,158.75,163.62,61.00,48.00,220,220,272,272
358,2,101.17,94.68,157.82,163.28,61.00,48.00,220,220,273,274
359,2,98.00,91.47,156.49,163.01,61.00,47.00,222,221,274,275
360,2,96.42,89.40,155.92,162.77,61.00,47.00,222,222,274,275
361,2,96.00,88.42,155.78,162.71,61.00,47.00,222,222,275,275
362,2,96.67,89.48,155.69,163.20,61.00,47.00,222,222,274,275
363,2,96.79,90.13,155.79,163.42,61.00,47.00,222,222,275,276
364,2,97.60,91.62,155.81,163.56,61.00,47.00,222,222,274,275
365,2,99.21,93.47,155.98,163.85,61.00,47.00,221,221,274,275
366,2,99.85,94.36,156.21,164.03,61.00,47.00,221,221,274,275
367,2,99.98,95.11,156.49,164.06,61.00,47.00,221,221,274,274
368,2,101.71,98.05,156.68,164.07,61.00,47.00,220,220,273,274
369,2,106.66,104.02,156.85,164.08,61.00,47.00,217,219,272,272
370,2,112.06,109.55,157.03,163.96,61.00,47.00,215,217,269,270
371,2,116.80,114.98,156.90,163.78,61.00,48.00,212,215,267,267
372,2,119.32,118.71,156.36,163.18,61.00,49.00,210,213,265,265
373,1,122.89,123.36,155.97,162.02,61.00,49.00,208,210,262,263
374,1,126.61,127.58,155.61,161.64,61.00,48.00,204,207,259,260
375,1,131.52,132.41,155.76,161.02,61.00,48.00,201,204,256,257
376,1,134.77,135.64,157.30,162.02,61.00,48.00,199,201,254,255
377,1,137.78,138.46,158.60,163.85,61.00,48.00,196,198,252,252
378,1,141.12,141.33,160.35,164.21,61.00,48.00,193,195,249,249
379,1,144.54,144.33,159.89,163.72,61.00,48.00,190,191,245,246
380,1,147.51,146.51,157.51,162.13,61.00,47.00,186,187,243,243
381,1,150.74,148.98,156.98,161.19,61.00,47.00,182,183,239,240
382,1,152.70,150.60,156.98,160.83,61.00,46.00,179,181,237,237
383,1,155.26,152.05,156.93,160.84,61.00,46.00,175,179,234,235
384,1,156.10,153.22,156.87,160.48,61.00,46.00,172,175,233,234
385,1,158.05,155.14,156.41,160.46,62.00,46.00,169,172,230,231
386,1,160.21,156.69,155.58,160.39,62.00,46.00,166,168,228,228
387,1,161.49,157.73,155.24,160.30,62.00,46.00,164,165,226,226
388,0,163.34,159.57,154.24,160.45,62.00,46.00,161,162,224,224
389,0,165.15,161.93,153.99,159.99,62.00,46.00,158,159,222,222
390,0,167.68,164.43,153.64,159.64,62.00,46.00,154,156,219,220
391,0,169.52,165.78,154.77,158.94,62.00,45.00,152,154,218,219
392,0,171.32,167.38,155.87,159.00,61.00,45.00,149,152,217,217
393,0,172.73,168.48,155.64,158.81,61.00,45.00,149,151,216,216
394,0,173.77,169.88,155.18,158.19,61.00,45.00,147,149,215,215
395,0,174.71,172.09,155.07,157.41,61.00,45.00,146,147,214,214
396,0,175.57,173.26,154.82,157.26,61.00,45.00,146,147,214,214
397,0,176.43,174.31,154.59,157.02,61.00,47.00,145,146,214,214
398,0,177.43,175.37,154.53,157.13,61.00,47.00,145,146,214,214
399,0,177.69,175.89,155.10,157.44,61.00,47.00,145,146,215,214
400,0,177.77,176.22,155.46,157.64,61.00,47.00,145,146,215,214
401,0,177.82,176.39,155.96,157.91,61.00,47.00,145,146,215,214
402,0,177.82,176.47,156.26,158.17,61.00,47.00,145,146,215,214
403,0,177.78,176.47,156.49,158.47,61.00,47.00,145,146,215,214
404,0,177.74,176.45,156.71,158.75,61.00,47.00,145,146,215,214
405,0,177.67,176.40,156.85,158.91,61.00,47.00,145,146,215,214
406,0,177.62,176.37,156.95,159.07,61.00,47.00,145,146,215,214
407,0,177.61,176.32,157.00,159.35,61.00,47.00,145,146,215,214
408,0,177.68,176.29,156.99,159.55,61.00,47.00,145,146,215,214
409,0,177.65,176.30,156.96,159.59,61.00,47.00,145,146,215,214
410,0,177.15,176.20,157.14,159.52,61.00,47.00,145,146,215,214
411,0,176.67,176.07,157.31,159.41,61.00,47.00,145,146,215,215
412,0,175.98,175.57,157.49,159.58,61.00,47.00,145,147,215,215
413,0,175.04,174.82,157.72,159.85,61.00,48.00,145,147,215,216
414,0,174.33,174.30,157.61,159.71,61.00,48.00,146,148,215,216
415,0,173.40,172.95,157.75,160.06,61.00,48.00,147,149,217,218
416,0,172.23,171.43,157.83,160.29,61.00,48.00,149,150,218,219
417,0,170.86,169.54,158.05,160.69,61.00,48.00,151,152,219,220
418,0,169.22,167.93,158.07,160.55,61.00,47.00,152,154,220,222
419,0,167.06,166.25,158.52,160.26,61.00,48.00,155,157,222,223
420,0,164.95,164.97,158.53,160.17,61.00,47.00,157,159,223,225
421,1,162.94,162.89,158.69,159.65,61.00,47.00,159,161,225,226
422,1,161.11,161.74,159.13,159.79,61.00,47.00,162,163,226,227
423,1,159.18,159.88,159.44,159.88,61.00,47.00,165,166,229,229
424,1,157.23,158.52,159.43,159.91,62.00,47.00,168,170,231,231
425,1,156.17,157.05,159.56,159.74,62.00,47.00,171,173,233,233
426,1,154.39,155.72,159.81,159.84,62.00,47.00,175,176,235,235
427,1,153.69,154.18,160.04,160.36,62.00,47.00,176,177,236,237
428,1,153.45,152.64,159.74,160.85,62.00,47.00,180,181,238,238
429,1,151.99,150.73,159.72,161.10,62.00,47.00,183,184,240,240
430,1,150.92,148.72,159.17,161.96,63.00,47.00,186,187,242,242
431,1,148.93,146.38,159.30,162.68,63.00,47.00,190,191,244,245
432,1,146.79,143.85,159.47,163.73,63.00,48.00,193,193,246,247
433,1,145.06,141.20,159.44,163.93,63.00,48.00,196,195,248,249
434,1,142.72,139.14,159.45,164.18,63.00,48.00,198,198,250,250
435,1,139.60,136.22,159.16,163.74,62.00,48.00,200,201,253,253
436,1,137.00,132.83,159.10,162.38,62.00,48.00,202,202,254,255
437,1,133.49,128.92,158.13,161.82,62.00,48.00,204,205,257,257
438,1,130.56,125.47,158.27,161.28,62.00,49.00,207,207,258,259
439,1,127.17,122.03,158.59,161.87,62.00,49.00,210,210,261,261
440,1,126.34,119.91,159.26,163.45,62.00,49.00,211,212,262,262
441,1,124.24,116.96,160.62,164.41,61.00,49.00,213,213,263,264
442,2,120.49,113.98,161.49,164.89,61.00,49.00,214,214,265,265
443,2,117.75,111.56,161.65,165.17,61.00,48.00,215,215,266,267
444,2,112.69,108.09,161.37,166.08,61.00,48.00,216,216,268,268
445,2,111.66,107.60,160.31,166.26,61.00,48.00,217,217,268,269
446,2,109.41,105.62,159.11,166.07,61.00,48.00,218,218,269,270
447,2,104.99,102.72,158.38,165.55,61.00,48.00,219,219,271,271
448,2,99.18,97.89,157.14,165.20,61.00,48.00,220,219,272,273
449,2,96.00,92.75,156.58,164.37,61.00,48.00,221,220,273,274
450,2,93.79,89.80,155.65,164.40,61.00,47.00,221,221,274,275
451,2,92.37,87.32,155.50,164.06,61.00,47.00,222,221,275,276
452,2,94.74,87.34,155.51,164.55,61.00,47.00,222,221,274,276
453,2,94.10,87.01,155.85,164.78,61.00,47.00,222,221,274,276
454,2,95.82,88.30,156.40,164.90,61.00,47.00,222,221,274,276
455,2,96.44,88.79,156.64,164.96,61.00,47.00,222,221,274,276
456,2,97.32,89.60,156.85,165.06,61.00,47.00,222,221,274,275
457,2,97.49,90.67,157.77,164.92,61.00,47.00,221,221,274,275
458,2,98.07,91.57,158.47,164.97,61.00,47.00,221,221,274,275
459,2,98.54,93.12,158.84,164.82,61.00,47.00,220,221,273,275
460,2,100.91,97.83,159.38,164.62,61.00,47.00,218,219,273,273
461,2,106.24,103.50,159.48,164.58,61.00,47.00,217,218,271,271
462,2,107.85,105.66,159.55,164.21,61.00,48.00,215,217,270,270
463,2,116.07,112.66,159.59,164.13,61.00,49.00,213,215,267,267
464,2,121.23,118.19,159.29,163.69,61.00,49.00,211,213,264,265
465,1,124.94,123.24,158.22,162.93,61.00,49.00,208,210,262,262
466,1,129.24,127.92,157.89,162.19,61.00,49.00,205,206,259,260
467,1,134.93,133.03,158.01,161.89,61.00,49.00,201,203,255,256
468,1,138.06,136.98,160.10,162.59,61.00,49.00,198,200,252,253
469,1,141.97,140.26,160.85,163.16,61.00,48.00,195,196,249,250
470,1,145.87,143.91,161.42,162.98,61.00,48.00,191,192,246,247
471,1,148.31,146.30,160.30,161.70,62.00,47.00,187,188,243,243
472,1,151.09,148.61,159.10,161.16,62.00,46.00,183,184,239,240
473,1,152.53,150.82,158.87,161.05,62.00,46.00,179,181,237,238
474,1,155.27,152.88,158.25,160.54,62.00,47.00,175,178,235,235
475,1,157.28,154.73,157.84,160.12,62.00,47.00,171,175,232,233
476,1,159.48,156.59,157.54,160.05,62.00,47.00,167,170,229,229
477,1,161.25,157.72,156.93,160.36,62.00,47.00,164,165,227,227
478,0,163.26,159.85,156.13,160.16,62.00,47.00,161,162,224,224
479,0,165.72,162.26,154.96,160.00,62.00,47.00,158,158,222,222
480,0,167.88,164.29,154.23,159.44,62.00,47.00,154,156,220,221
481,0,170.08,166.73,154.51,158.62,62.00,47.00,151,155,218,219
482,0,171.76,168.15,155.62,158.24,62.00,47.00,148,152,217,217
483,0,172.76,169.91,155.49,157.86,62.00,47.00,148,150,216,216
484,0,173.66,171.96,155.42,157.31,61.00,48.00,147,149,216,216
485,0,174.76,173.01,155.08,157.21,61.00,48.00,145,147,215,215
486,0,175.77,174.15,154.94,157.10,61.00,48.00,145,147,215,215
487,0,176.64,175.28,155.00,157.08,61.00,47.00,145,146,214,214
488,0,177.21,175.64,155.15,157.10,61.00,47.00,145,147,214,214
489,0,177.54,175.83,155.23,156.98,61.00,47.00,145,146,215,215
490,0,177.85,176.06,155.35,156.64,61.00,47.00,145,146,215,215
491,0,177.84,176.18,155.51,156.44,61.00,47.00,145,145,215,215
492,0,177.91,176.35,155.60,156.26,61.00,47.00,145,146,215,215
493,0,177.84,176.44,155.68,156.08,61.00,47.00,145,146,215,215
494,0,177.78,176.49,155.82,156.01,61.00,47.00,145,146,215,215
495,0,177.74,176.50,155.91,155.97,61.00,47.00,145,145,215,215
496,0,177.74,176.51,155.98,155.97,61.00,47.00,145,145,215,215
497,0,177.75,176.57,156.01,155.93,61.00,47.00,145,145,215,215
498,0,177.74,176.64,156.04,155.93,61.00,47.00,145,145,215,215
499,0,177.74,176.69,156.07,155.96,61.00,47.00,145,145,215,215
500,0,177.73,176.74,156.08,155.97,61.00,46.00,145,145,215,215
501,0,177.73,176.83,156.22,156.03,61.00,46.00,145,145,215,215
502,0,177.76,176.86,156.35,156.11,61.00,46.00,145,145,215,215
503,0,177.79,176.88,156.55,156.19,61.00,46.00,145,145,215,215
504,0,177.82,176.89,156.67,156.28,61.00,46.00,145,145,215,215
505,0,177.84,176.90,156.80,156.33,61.00,46.00,145,145,215,215
506,0,177.71,176.90,156.88,156.38,61.00,46.00,145,145,215,215
507,0,177.53,176.89,156.97,156.41,61.00,47.00,145,145,215,215
508,0,177.31,176.88,157.10,156.46,61.00,47.00,145,146,215,215
509,0,177.17,176.82,157.19,156.54,61.00,47.00,145,146,215,215
510,0,176.95,176.70,157.24,156.61,61.00,47.00,145,146,215,215
511,0,176.27,176.51,157.45,156.71,61.00,47.00,145,146,215,215
512,0,175.68,176.13,157.69,157.09,61.00,47.00,145,146,215,215
513,0,174.94,175.60,157.91,157.42,61.00,47.00,146,146,215,215
514,0,174.40,174.86,158.03,157.91,61.00,47.00,146,147,216,216
515,0,173.47,174.02,157.92,158.53,61.00,47.00,147,148,216,217
516,0,172.45,173.11,158.13,158.99,61.00,47.00,148,149,217,217
517,0,170.76,171.94,158.37,159.27,61.00,48.00,149,150,218,219
518,0,169.36,170.76,158.69,159.13,61.00,48.00,150,153,219,221
519,0,166.96,168.66,159.12,160.29,61.00,48.00,153,156,221,223
520,0,164.57,166.93,159.19,160.88,61.00,48.00,156,158,223,225
521,1,162.23,165.49,159.26,161.10,61.00,47.00,159,161,225,226
522,1,160.79,162.84,159.16,161.70,61.00,47.00,161,163,227,227
523,1,158.27,160.99,159.27,162.31,61.00,47.00,164,166,228,229
524,1,157.17,159.21,158.83,162.37,62.00,47.00,166,168,231,231
525,1,155.19,156.52,158.95,162.85,62.00,47.00,171,172,233,233
526,1,154.56,155.69,158.63,162.12,62.00,47.00,173,175,235,234
527,1,153.08,153.63,158.71,162.41,62.00,48.00,176,177,237,237
528,1,152.79,152.58,157.90,162.62,62.00,47.00,179,179,238,238
529,1,151.07,150.57,157.70,162.98,62.00,46.00,182,182,241,241
530,1,149.51,148.95,157.86,163.13,62.00,46.00,187,186,243,243
531,1,146.55,146.22,158.20,163.99,62.00,48.00,190,190,245,245
532,1,144.63,144.12,158.05,163.73,63.00,47.00,193,192,247,247
533,1,142.14,141.77,158.31,163.56,63.00,48.00,196,195,249,249
534,1,139.96,140.02,158.46,162.70,62.00,48.00,199,197,251,251
535,1,137.82,137.73,158.29,161.10,62.00,48.00,201,201,253,253
536,1,134.91,134.75,157.83,159.86,62.00,48.00,203,203,255,255
537,1,130.26,129.84,157.49,159.55,62.00,48.00,206,205,258,258
538,1,127.49,127.06,157.72,159.16,62.00,48.00,208,208,259,260
539,1,126.33,124.78,158.31,159.68,62.00,48.00,210,210,261,261
540,1,125.41,122.38,158.88,161.23,61.00,48.00,212,212,262,263
541,1,122.97,119.43,159.35,162.39,61.00,48.00,213,213,263,264
542,2,119.25,115.35,159.85,163.07,61.00,48.00,213,215,265,266
543,2,116.83,112.45,160.68,162.73,61.00,48.00,215,216,267,268
544,2,109.44,108.07,160.93,163.48,61.00,48.00,217,218,269,270
545,2,108.02,106.59,160.18,164.36,61.00,47.00,217,218,270,271
546,2,104.88,104.55,159.39,164.53,61.00,47.00,219,219,271,272
547,2,100.03,99.05,158.17,163.99,61.00,47.00,220,221,272,273
548,2,96.57,95.67,157.99,163.75,61.00,47.00,221,222,273,275
549,2,95.20,92.68,157.07,163.70,61.00,47.00,222,222,274,275
550,2,93.45,90.76,156.60,163.40,61.00,47.00,223,222,275,276
551,2,90.99,87.41,156.01,163.34,61.00,47.00,223,223,276,277
552,2,93.16,88.53,156.28,163.72,61.00,47.00,223,223,275,277
553,2,94.84,89.06,156.58,163.80,61.00,47.00,224,223,275,277
554,2,95.35,89.45,156.63,163.88,61.00,47.00,224,223,275,277
555,2,95.55,89.74,156.65,164.02,61.00,47.00,223,223,275,277
556,2,96.77,91.16,156.74,164.12,61.00,47.00,223,223,275,277
557,2,97.42,92.31,156.88,164.22,61.00,47.00,223,223,275,276
558,2,97.56,92.90,157.09,164.36,61.00,47.00,222,223,275,276
559,2,98.49,95.55,157.16,164.34,61.00,47.00,221,222,274,275
560,2,102.12,100.88,157.09,164.43,61.00,47.00,219,221,273,274
561,2,106.10,105.42,157.06,164.71,61.00,48.00,218,219,272,272
562,2,111.04,110.85,157.09,165.09,61.00,48.00,215,217,269,270
563,2,115.65,115.83,156.98,165.04,61.00,48.00,213,215,267,268
564,1,120.50,120.17,156.73,165.01,61.00,49.00,211,213,265,265
565,1,127.52,125.40,155.50,163.67,61.00,49.00,208,209,261,262
566,1,131.48,129.66,154.80,162.48,61.00,49.00,205,205,258,259
567,1,136.32,133.87,156.19,162.68,61.00,48.00,201,202,254,255
568,1,138.40,136.79,159.63,162.69,61.00,48.00,198,199,252,253
569,1,141.37,139.64,160.22,161.87,61.00,48.00,195,196,249,250
570,1,144.34,142.24,159.54,161.75,61.00,47.00,192,192,246,247
571,1,146.99,144.91,157.80,160.37,62.00,47.00,188,189,243,244
572,1,148.55,146.96,157.66,159.26,62.00,45.00,184,185,241,241
573,1,150.69,149.27,157.88,159.06,62.00,46.00,180,182,237,238
574,1,152.80,151.59,157.82,159.69,62.00,46.00,176,179,235,236
575,1,155.12,153.40,157.17,159.30,62.00,47.00,172,175,233,234
576,1,157.50,155.40,156.99,158.92,62.00,47.00,169,171,230,231
577,1,159.08,156.77,156.80,158.71,62.00,47.00,166,168,228,228
578,1,160.95,158.01,156.10,158.57,62.00,47.00,163,164,225,226
579,0,162.91,159.65,155.09,159.69,62.00,47.00,160,162,224,224
580,0,165.55,161.64,153.92,159.63,62.00,47.00,157,159,222,222
581,0,167.96,163.85,153.97,158.94,62.00,46.00,153,155,220,221
582,0,170.24,166.35,154.07,158.18,62.00,46.00,150,152,219,219
583,0,171.54,168.20,154.03,157.74,62.00,46.00,148,150,217,218
584,0,172.66,169.85,153.94,157.82,62.00,46.00,146,148,217,217
585,0,173.45,171.36,154.14,157.99,61.00,46.00,145,147,216,216
586,0,174.57,172.54,154.37,158.04,61.00,46.00,145,146,215,216
587,0,175.54,173.77,154.59,158.10,61.00,46.00,144,145,215,215
588,0,175.89,174.46,155.00,158.46,61.00,46.00,144,145,215,215
589,0,176.03,174.64,155.32,158.94,61.00,46.00,145,145,215,215
590,0,176.17,174.72,155.71,159.26,61.00,46.00,145,145,215,215
591,0,176.24,174.79,156.16,159.49,61.00,46.00,145,145,215,215
592,0,176.27,174.95,156.36,159.45,61.00,46.00,145,145,215,215
593,0,176.34,175.06,156.39,159.41,61.00,46.00,145,145,215,215
594,0,176.35,175.08,156.43,159.55,61.00,46.00,145,146,215,215
595,0,176.34,175.05,156.59,159.70,61.00,46.00,145,146,215,215
596,0,176.30,175.01,156.69,159.83,61.00,46.00,145,146,215,215
597,0,176.29,174.98,156.75,159.89,61.00,46.00,145,146,215,215
598,0,176.29,174.92,156.69,159.95,61.00,47.00,145,146,215,215
599,0,176.22,174.86,156.69,160.04,61.00,47.00,145,146,215,215
600,0,176.06,174.81,156.76,160.15,61.00,47.00,145,146,215,215
601,0,175.70,174.69,156.91,160.32,61.00,47.00,145,146,215,215
602,0,175.37,174.53,156.96,160.51,61.00,48.00,145,146,215,215
603,0,174.89,174.03,156.89,160.84,61.00,48.00,146,147,215,216
604,0,174.41,173.21,156.89,161.33,61.00,48.00,147,148,216,216
605,0,173.76,172.23,157.08,161.61,61.00,48.00,147,149,216,217
606,0,172.11,171.02,157.64,161.72,61.00,48.00,149,151,217,218
607,0,169.82,168.78,158.56,161.99,61.00,47.00,151,153,219,220
608,0,167.95,166.97,159.05,161.91,61.00,48.00,154,155,221,223
609,0,166.64,165.81,158.90,161.48,61.00,47.00,156,158,222,224
610,1,164.75,164.15,159.52,161.04,61.00,47.00,159,160,224,225
611,1,162.99,162.73,159.93,160.63,61.00,47.00,161,163,225,226
612,1,161.27,161.78,159.64,160.75,61.00,47.00,164,165,227,228
613,1,159.10,159.97,160.04,160.45,61.00,47.00,167,168,229,230
614,1,157.38,158.34,160.09,159.43,62.00,46.00,170,173,231,232
615,1,155.46,156.28,159.62,159.49,62.00,47.00,173,176,233,234
616,1,154.24,154.84,159.25,159.40,62.00,47.00,176,179,235,236
617,1,153.18,152.67,159.20,159.88,62.00,47.00,180,182,237,238
618,1,151.48,150.75,159.25,159.88,62.00,47.00,183,184,239,240
619,1,150.15,148.77,158.98,160.65,62.00,48.00,186,187,242,242
620,1,149.02,146.98,158.86,161.81,62.00,47.00,190,190,243,243
621,1,146.39,142.64,159.07,162.65,62.00,48.00,193,193,246,246
622,1,144.19,140.30,159.10,162.70,62.00,48.00,196,196,248,248
623,1,141.72,138.40,159.13,162.50,62.00,48.00,198,198,250,250
624,1,139.50,136.29,159.37,162.42,62.00,48.00,200,200,252,252
625,1,138.55,133.66,159.74,162.86,62.00,48.00,202,202,253,253
626,1,135.54,129.93,159.63,162.67,62.00,48.00,204,205,255,256
627,1,133.28,126.36,158.64,162.62,62.00,48.00,206,207,257,258
628,1,129.40,123.03,157.91,162.64,62.00,48.00,209,209,259,260
629,1,127.08,120.12,157.92,162.79,61.00,48.00,211,212,261,262
630,1,126.00,117.95,158.26,163.77,61.00,48.00,212,213,263,263
631,1,124.45,115.94,158.95,163.82,61.00,48.00,214,215,264,265
632,2,121.01,112.57,159.79,163.99,61.00,48.00,215,216,266,267
633,2,119.46,110.62,161.05,164.13,61.00,48.00,216,218,266,268
634,2,114.78,107.77,161.31,164.27,61.00,48.00,217,219,268,269
635,2,111.52,104.86,161.52,164.77,61.00,48.00,219,220,269,270
636,2,108.19,101.60,161.26,164.25,61.00,48.00,220,221,270,271
637,2,104.78,97.50,160.41,164.00,61.00,48.00,221,221,271,272
638,2,99.67,93.61,159.42,163.92,61.00,48.00,222,222,273,273
639,2,97.70,90.75,158.74,163.46,61.00,48.00,222,222,273,274
640,2,96.73,88.76,158.32,163.45,61.00,48.00,221,222,273,275
641,2,93.92,86.69,157.71,163.17,61.00,48.00,222,222,274,275
642,2,92.91,85.47,157.66,162.96,61.00,47.00,222,222,275,276
643,2,95.15,87.69,157.50,163.00,61.00,47.00,222,222,274,275
644,2,96.17,88.59,157.29,163.20,61.00,47.00,221,222,274,275
645,2,97.83,90.11,157.26,163.34,61.00,47.00,221,221,274,275
646,2,98.35,90.62,157.30,163.35,61.00,47.00,221,221,274,275
647,2,98.92,91.61,157.32,163.37,61.00,47.00,221,221,274,275
648,2,100.08,94.64,157.33,163.38,61.00,47.00,220,220,273,274
649,2,103.76,99.62,157.29,163.46,61.00,48.00,218,219,272,272
650,2,109.56,106.46,157.53,163.33,61.00,48.00,216,218,270,270
651,2,114.02,111.77,157.30,163.24,61.00,49.00,214,216,268,268
652,2,118.13,116.03,157.21,163.20,61.00,49.00,212,213,266,266
653,1,123.65,120.46,157.16,162.71,61.00,49.00,210,211,263,263
654,1,129.83,125.91,157.36,162.54,61.00,49.00,206,208,259,260
655,1,135.28,131.48,158.36,162.28,61.00,49.00,202,204,255,257
656,1,138.73,134.87,160.79,163.38,61.00,49.00,199,200,253,254
657,1,141.74,137.82,161.50,163.34,61.00,48.00,196,197,250,251
658,1,145.05,141.30,160.99,162.89,62.00,48.00,193,194,247,248
659,1,147.90,144.27,159.90,162.04,62.00,48.00,189,190,244,244
660,1,150.66,147.40,159.47,161.29,62.00,48.00,185,186,240,241
661,1,152.86,149.90,159.39,160.67,62.00,47.00,181,182,238,238
662,1,154.48,151.97,159.39,160.41,62.00,47.00,177,180,235,236
663,1,156.10,153.48,158.91,160.24,62.00,46.00,173,176,233,234
664,1,158.71,155.75,158.13,159.98,62.00,46.00,170,172,230,231
665,1,160.72,157.17,157.57,160.00,62.00,47.00,166,168,228,228
666,1,162.53,158.69,157.00,160.32,62.00,47.00,163,164,226,226
667,0,163.94,160.94,156.20,159.99,62.00,47.00,160,162,224,224
668,0,166.35,162.13,156.07,159.83,62.00,47.00,157,158,221,222
669,0,168.38,164.75,156.23,158.86,62.00,47.00,152,155,219,220
670,0,170.66,167.46,156.64,157.75,62.00,46.00,150,152,218,218
671,0,172.07,169.86,156.57,156.90,62.00,46.00,148,150,217,217
672,0,173.14,171.31,156.21,157.03,61.00,46.00,146,148,216,216
673,0,174.03,172.24,156.03,157.17,61.00,45.00,145,147,215,216
674,0,174.78,173.13,156.01,157.45,61.00,46.00,144,146,215,215
675,0,175.53,174.14,155.87,157.59,61.00,46.00,144,146,215,215
676,0,176.05,175.30,155.93,157.86,61.00,46.00,144,146,214,214
677,0,176.49,175.79,156.17,158.09,61.00,46.00,144,146,214,214
678,0,176.73,175.97,156.54,158.42,61.00,46.00,144,146,214,215
679,0,176.75,176.15,156.79,158.56,61.00,46.00,144,146,215,215
680,0,176.78,176.24,156.99,158.72,61.00,46.00,144,146,215,215
681,0,176.66,176.20,157.15,158.85,61.00,46.00,144,146,215,215
682,0,176.57,176.18,157.31,159.00,61.00,47.00,144,146,215,215
683,0,176.48,176.12,157.42,159.16,61.00,47.00,144,146,215,215
684,0,176.41,176.04,157.51,159.20,61.00,47.00,145,146,215,215
685,0,176.37,175.96,157.56,159.12,61.00,47.00,145,146,215,215
686,0,176.32,175.91,157.55,159.07,61.00,47.00,145,147,215,215
687,0,175.90,175.75,157.68,159.14,61.00,47.00,145,147,215,215
688,0,175.34,175.42,157.85,159.29,61.00,47.00,145,147,215,215
689,0,174.66,174.70,157.78,159.50,61.00,48.00,145,147,215,215
690,0,174.00,173.73,157.84,159.73,61.00,48.00,147,148,216,216
691,0,173.25,172.79,157.92,159.95,61.00,48.00,147,149,216,217
692,0,171.85,171.60,158.33,160.19,61.00,48.00,148,151,218,219
693,0,170.18,169.42,158.75,160.52,61.00,48.00,150,153,219,221
694,0,168.63,167.72,159.29,160.67,61.00,48.00,152,155,221,223
695,0,166.44,166.42,159.81,160.95,61.00,47.00,155,157,222,224
696,1,163.63,164.49,159.86,161.37,61.00,47.00,157,159,224,225
697,1,162.31,163.10,159.86,161.61,61.00,47.00,160,161,225,226
698,1,161.15,161.60,160.02,161.69,61.00,47.00,162,163,226,227
699,1,159.40,160.33,160.31,161.56,61.00,47.00,166,166,228,229
700,1,157.61,158.06,160.53,161.13,62.00,48.00,168,170,231,231
701,1,156.09,156.62,160.79,161.26,62.00,48.00,171,173,233,233
702,1,154.74,155.14,160.80,161.63,62.00,47.00,174,175,235,235
703,1,153.12,152.73,160.96,161.98,62.00,47.00,178,179,237,237
704,1,152.38,150.95,160.19,162.45,62.00,47.00,181,181,239,239
705,1,150.97,149.76,159.73,163.60,62.00,47.00,183,184,241,241
706,1,148.97,147.71,159.77,164.35,62.00,48.00,188,187,243,244
707,1,146.48,145.64,159.85,165.42,62.00,48.00,190,191,245,246
708,1,144.46,142.68,159.57,165.55,62.00,48.00,194,194,247,248
709,1,142.82,140.28,159.81,165.56,62.00,48.00,196,196,249,250
710,1,139.56,137.88,159.98,165.26,62.00,48.00,199,199,251,252
711,1,137.85,135.96,159.81,164.41,62.00,48.00,201,201,253,253
712,1,135.60,132.78,159.42,163.04,62.00,48.00,203,203,255,255
713,1,131.64,128.93,158.56,162.81,62.00,48.00,206,205,258,258
714,1,130.08,125.92,158.55,162.60,62.00,48.00,208,208,259,259
715,1,127.27,122.07,158.64,162.83,62.00,48.00,210,210,261,261
716,1,125.43,118.19,158.67,163.79,62.00,48.00,212,212,263,263
717,2,123.03,114.87,159.48,164.29,61.00,49.00,214,214,264,265
718,2,118.67,109.62,160.46,164.65,61.00,49.00,215,216,266,267
719,2,114.03,105.59,161.38,164.86,61.00,49.00,217,217,268,269
720,2,109.59,100.74,161.82,165.30,61.00,49.00,218,219,269,270
721,2,105.17,96.73,161.46,164.86,61.00,49.00,219,220,271,272
722,2,99.52,90.79,160.75,165.03,61.00,49.00,221,221,272,273
723,2,96.44,86.69,160.43,164.96,61.00,49.00,222,221,274,275
724,2,92.90,83.21,159.85,164.75,61.00,49.00,223,222,275,276
725,2,90.52,81.32,159.27,163.79,61.00,49.00,225,222,276,277
726,2,87.40,78.85,159.26,164.13,61.00,48.00,224,223,277,278
727,2,87.16,78.50,159.43,164.62,61.00,48.00,225,223,277,278
728,2,86.63,80.15,159.52,165.04,61.00,48.00,225,223,277,278
729,2,86.76,81.31,160.08,165.51,61.00,48.00,225,223,277,278
730,2,87.68,82.27,160.24,166.00,61.00,48.00,224,224,277,278
731,2,88.84,83.21,160.33,166.34,61.00,48.00,224,223,276,278
732,2,89.30,83.84,160.39,166.29,61.00,48.00,224,223,276,277
733,2,90.28,84.73,160.19,166.26,61.00,48.00,223,223,276,277
734,2,91.26,86.48,160.03,166.20,61.00,48.00,222,223,276,277
735,2,94.15,89.72,160.04,166.15,61.00,48.00,221,222,275,276
736,2,98.78,96.54,160.24,165.97,61.00,48.00,220,220,273,274
737,2,103.87,102.87,160.15,165.82,61.00,48.00,217,218,271,272
738,2,113.07,110.38,160.38,165.82,61.00,48.00,215,216,268,269
739,2,118.88,115.96,160.00,165.12,61.00,49.00,212,214,265,266
740,1,124.92,121.74,158.98,163.69,61.00,49.00,210,211,262,263
741,1,129.88,126.58,158.56,163.11,61.00,49.00,206,207,259,260
742,1,135.54,131.77,159.20,162.20,61.00,49.00,203,204,256,257
743,1,138.45,135.07,161.08,163.78,61.00,49.00,200,201,253,254
744,1,140.80,137.84,161.52,163.11,61.00,48.00,197,198,251,252
745,1,144.00,140.73,161.77,163.07,62.00,48.00,194,194,248,249
746,1,146.28,143.00,160.79,162.75,62.00,47.00,190,191,245,246
747,1,148.17,145.22,158.94,161.17,62.00,47.00,187,189,243,243
748,1,151.17,148.23,158.23,160.42,62.00,46.00,183,185,240,240
749,1,153.07,150.52,158.35,160.25,62.00,46.00,179,182,237,238
750,1,155.61,152.15,157.89,160.42,62.00,46.00,175,178,235,235
751,1,157.20,153.56,157.23,160.05,62.00,46.00,172,175,232,233
752,1,158.58,155.60,157.26,159.48,62.00,46.00,168,171,230,230
753,1,160.26,156.77,156.84,159.41,62.00,46.00,165,168,227,228
754,1,161.95,158.10,156.65,159.56,62.00,46.00,163,164,225,226
755,0,163.72,159.98,155.90,159.42,62.00,46.00,160,161,223,224
756,0,166.67,161.83,155.10,159.12,62.00,46.00,156,158,221,222
757,0,168.41,164.37,155.44,158.62,62.00,46.00,153,156,219,220
758,0,170.60,166.68,156.73,158.12,62.00,45.00,149,153,218,218
759,0,172.04,168.47,156.61,157.82,62.00,45.00,147,150,217,217
760,0,173.17,170.12,156.37,157.26,61.00,46.00,146,148,216,216
761,0,174.67,172.22,156.20,156.53,61.00,46.00,145,147,215,215
762,0,175.21,172.99,156.10,156.35,61.00,46.00,145,146,215,215
763,0,175.97,173.42,155.82,156.33,61.00,47.00,145,146,214,215
764,0,176.38,174.06,155.78,156.89,61.00,47.00,145,146,214,215
765,0,176.42,174.52,155.82,157.73,61.00,47.00,145,146,214,214
766,0,176.31,174.79,155.91,158.25,61.00,48.00,145,146,214,215
767,0,176.31,175.24,155.95,158.07,61.00,48.00,145,146,214,215
768,0,176.37,175.49,155.95,157.99,62.00,48.00,145,146,215,215
769,0,176.43,175.58,155.97,157.94,62.00,48.00,145,146,215,215
770,0,176.40,175.66,156.07,157.81,62.00,48.00,145,146,215,215
771,0,176.34,175.66,156.15,157.64,62.00,47.00,145,146,215,215
772,0,176.30,175.55,156.24,157.68,62.00,48.00,145,146,215,215
773,0,176.26,175.43,156.25,157.68,62.00,48.00,145,146,215,215
774,0,176.03,175.38,156.36,157.70,62.00,48.00,145,146,215,215
775,0,175.43,175.31,156.53,157.59,62.00,48.00,145,146,215,215
776,0,174.66,174.72,156.60,157.67,61.00,48.00,146,147,215,215
777,0,173.31,173.84,157.11,157.72,61.00,48.00,146,148,216,217
778,0,172.16,172.88,157.32,157.67,61.00,48.00,148,149,217,218
779,0,171.33,171.79,157.33,158.13,61.00,48.00,149,151,218,219
780,0,169.96,170.55,157.69,158.56,61.00,48.00,150,153,219,221
781,0,168.47,169.36,158.02,158.72,61.00,48.00,153,156,221,223
782,0,166.29,168.23,158.84,158.86,61.00,48.00,156,158,222,224
783,0,164.78,166.26,159.26,159.94,61.00,48.00,158,159,223,224
784,1,161.90,163.86,160.16,160.88,61.00,48.00,162,162,225,226
785,1,159.99,162.33,159.95,160.86,62.00,47.00,165,165,227,228
786,1,158.46,159.52,160.09,161.09,62.00,47.00,168,168,230,230
787,1,156.02,157.36,159.82,161.38,62.00,47.00,171,171,232,232
788,1,154.23,155.87,159.89,161.66,62.00,47.00,175,175,234,234
789,1,153.10,154.23,159.40,162.06,62.00,47.00,178,178,235,236
790,1,151.92,152.94,159.10,162.31,62.00,47.00,181,180,238,238
791,1,150.20,151.28,159.26,162.05,62.00,47.00,184,183,240,240
792,1,148.45,148.74,158.58,162.56,62.00,47.00,187,186,242,242
793,1,146.76,146.56,158.69,163.95,62.00,47.00,190,189,245,245
794,1,144.41,144.01,158.71,164.44,62.00,48.00,193,192,247,247
795,1,142.26,141.69,159.12,163.95,62.00,48.00,196,195,249,249
796,1,139.69,139.41,159.34,164.10,62.00,48.00,198,197,251,251
797,1,136.60,136.51,159.75,163.10,62.00,48.00,201,200,253,253
798,1,133.34,133.49,159.43,161.50,62.00,48.00,203,203,255,256
799,1,130.94,130.39,158.66,160.97,62.00,49.00,205,205,257,258
800,1,127.58,126.71,158.66,161.49,61.00,49.00,207,207,259,259
801,1,125.98,124.63,158.65,162.59,61.00,49.00,209,209,261,261
802,1,122.39,121.05,158.64,164.11,61.00,49.00,212,212,263,263
803,2,120.90,118.81,159.63,164.64,61.00,49.00,213,214,265,265
804,2,117.65,116.04,161.19,164.75,61.00,49.00,214,215,266,266
805,2,114.47,113.41,161.58,165.24,61.00,49.00,215,216,267,268
806,2,111.24,110.28,161.28,166.07,61.00,49.00,216,218,268,269
807,2,109.08,109.11,161.02,165.40,61.00,49.00,217,219,269,270
808,2,104.19,104.32,160.23,165.23,61.00,49.00,219,220,271,272
809,2,98.10,99.05,159.25,165.04,61.00,49.00,220,221,273,274
810,2,97.17,96.13,158.07,164.31,61.00,49.00,221,222,273,274
811,2,96.31,93.46,157.72,164.30,61.00,49.00,221,222,274,275
812,2,94.81,90.92,157.62,163.94,61.00,49.00,220,221,274,276
813,2,94.30,88.74,157.70,164.11,61.00,49.00,221,221,275,276
814,2,95.85,89.45,157.69,164.49,61.00,47.00,221,221,275,276
815,2,96.02,89.06,157.69,164.83,61.00,47.00,221,221,275,276
816,2,96.07,89.35,157.81,165.18,61.00,47.00,221,221,275,276
817,2,96.30,90.19,158.05,165.50,61.00,47.00,221,221,275,276
818,2,96.45,90.69,158.17,165.82,61.00,47.00,221,221,275,276
819,2,96.66,91.20,158.20,165.92,61.00,47.00,221,221,275,276
820,2,96.75,91.68,158.13,165.96,61.00,47.00,221,221,275,276
821,2,96.73,92.19,158.09,166.01,61.00,47.00,221,221,275,276
822,2,96.63,92.49,158.07,166.07,61.00,47.00,221,221,275,276
823,2,96.47,92.61,158.16,166.15,61.00,47.00,221,221,275,276
824,2,96.33,92.71,158.25,166.21,61.00,47.00,221,221,275,276
825,2,96.33,92.75,158.30,166.23,61.00,47.00,221,221,275,276
826,2,96.39,92.77,158.38,166.26,61.00,47.00,221,221,275,276
827,2,96.45,92.86,158.48,166.24,61.00,47.00,221,221,275,276
828,2,96.48,92.83,158.57,166.24,61.00,47.00,221,221,275,276
829,2,96.33,92.67,158.66,166.14,61.00,47.00,221,221,275,276
830,2,96.08,92.61,158.74,166.08,61.00,47.00,221,221,275,276
831,2,95.98,92.52,158.80,165.99,61.00,47.00,221,221,275,276
832,2,95.77,92.70,158.90,165.92,61.00,47.00,221,221,275,276
833,2,95.73,93.07,158.88,165.99,61.00,48.00,220,221,275,276
834,2,96.31,94.07,158.98,165.97,61.00,48.00,220,221,275,275
835,2,96.43,94.94,159.11,166.08,61.00,47.00,220,220,274,275
836,2,97.53,96.46,159.34,166.12,61.00,47.00,220,219,274,275
837,2,98.58,96.55,159.16,165.88,61.00,48.00,220,219,274,274
838,2,100.56,97.20,159.08,165.93,61.00,48.00,219,218,273,274
839,2,100.12,95.93,158.95,165.75,61.00,48.00,219,218,273,274
840,2,99.21,93.94,158.79,165.30,60.00,48.00,218,218,273,274
841,2,98.47,92.54,158.72,165.25,60.00,48.00,217,218,273,274
842,2,98.65,91.83,158.64,165.29,60.00,48.00,217,218,273,274
843,2,99.05,92.04,158.65,165.55,60.00,48.00,216,218,273,274
844,2,101.38,95.22,158.65,165.75,60.00,48.00,216,218,272,273
845,2,104.89,98.94,158.56,165.67,60.00,48.00,217,218,271,271
846,2,105.47,99.90,158.50,166.10,60.00,48.00,217,218,270,271
847,2,107.09,100.85,157.82,165.95,60.00,47.00,217,219,270,271
848,2,107.57,99.99,156.68,165.52,59.00,47.00,217,219,270,271
849,2,107.55,98.74,156.04,165.60,59.00,48.00,217,219,270,271
850,2,106.93,98.06,155.76,164.86,59.00,47.00,218,219,270,271
851,2,107.09,97.60,155.37,163.89,59.00,47.00,218,220,270,271
852,2,106.86,97.36,155.18,163.29,59.00,47.00,219,220,271,271
853,2,106.93,97.61,155.16,162.98,59.00,46.00,219,220,271,271
854,2,105.83,96.93,154.99,162.93,59.00,46.00,219,221,271,272
855,2,105.29,96.40,155.10,162.42,59.00,46.00,219,222,271,272
856,2,104.70,94.97,155.19,162.45,59.00,46.00,219,222,272,273
857,2,104.03,93.93,154.78,163.00,59.00,46.00,220,223,272,273
858,2,103.27,93.38,154.54,162.96,59.00,46.00,220,225,272,274
859,2,102.70,92.57,154.22,162.79,59.00,46.00,221,225,273,274
860,2,102.37,92.75,154.51,162.75,58.00,46.00,221,225,273,274
861,2,102.32,92.83,154.71,162.70,58.00,46.00,221,225,273,274
862,2,102.73,93.60,155.00,162.34,58.00,46.00,221,225,272,274
863,2,105.06,95.74,154.78,162.06,58.00,46.00,220,225,272,273
864,2,105.34,97.84,154.73,161.94,58.00,46.00,220,224,271,272
865,2,109.75,104.14,155.54,161.35,58.00,46.00,219,222,268,269
866,2,112.15,106.62,156.18,161.14,59.00,46.00,218,221,267,268
867,2,114.69,109.99,155.40,159.89,58.00,47.00,217,220,266,267
868,2,117.95,116.30,154.72,159.15,59.00,47.00,216,219,263,264
869,1,121.72,119.90,153.50,158.00,59.00,47.00,214,217,261,262
870,1,128.76,126.56,154.56,159.49,59.00,48.00,212,215,257,258
871,1,130.24,128.70,153.98,159.56,59.00,48.00,210,213,256,257
872,1,132.44,131.83,153.22,159.38,59.00,48.00,206,210,254,254
873,1,135.78,134.90,152.83,160.63,59.00,48.00,204,207,251,251
874,1,137.53,137.46,152.90,160.19,59.00,48.00,201,204,248,249
875,1,141.63,140.26,153.16,158.86,59.00,49.00,197,201,245,246
876,1,144.26,143.16,155.60,159.05,59.00,49.00,194,197,243,243
877,1,147.06,146.31,157.69,159.44,59.00,50.00,189,192,239,240
878,1,149.20,148.36,157.14,158.88,60.00,50.00,184,186,237,238
879,1,152.72,150.04,155.73,159.01,60.00,50.00,179,181,235,235
880,1,155.34,151.44,154.25,159.50,60.00,50.00,175,176,232,232
881,1,158.25,154.82,153.09,158.79,60.00,49.00,169,171,229,229
882,1,159.90,156.42,152.72,159.50,60.00,49.00,166,167,227,227
883,1,161.68,157.99,152.13,160.49,60.00,49.00,163,164,225,225
884,0,163.49,160.40,152.21,160.63,60.00,49.00,159,161,222,223
885,0,166.41,164.50,152.15,160.86,59.00,50.00,155,158,221,221
886,0,168.85,167.36,152.86,160.35,59.00,50.00,152,154,219,220
887,0,171.22,169.48,153.38,159.92,59.00,50.00,150,151,217,218
888,0,172.80,170.68,154.96,159.69,59.00,50.00,148,149,217,218
889,0,173.80,172.60,156.67,159.50,58.00,50.00,145,148,216,217
890,0,174.75,174.23,158.05,159.36,57.00,50.00,145,147,215,216
891,0,174.94,175.59,159.86,159.27,57.00,51.00,144,146,215,216
892,0,175.83,176.59,160.49,159.17,57.00,50.00,144,146,214,215
893,0,176.21,176.82,160.84,160.25,57.00,51.00,144,146,214,214
894,0,176.02,177.15,161.42,160.79,56.00,51.00,145,146,215,215
895,0,175.95,177.21,160.91,161.85,56.00,51.00,145,146,215,215
896,0,176.25,177.40,160.91,162.64,56.00,51.00,145,146,215,215
897,0,176.47,177.39,160.89,162.95,57.00,51.00,146,146,215,215
898,0,176.87,177.44,160.90,162.83,57.00,50.00,146,146,215,215
899,0,177.17,177.45,161.09,162.75,57.00,51.00,146,146,214,215
900,0,177.49,177.41,160.94,162.54,57.00,51.00,146,146,214,215
901,0,177.74,177.53,160.55,162.32,58.00,51.00,146,146,214,215
902,0,177.88,177.65,160.40,161.95,58.00,51.00,146,146,214,214
903,0,178.08,177.95,159.98,161.60,58.00,51.00,146,146,214,214
904,0,178.41,177.96,159.46,161.35,57.00,51.00,146,146,214,215
905,0,178.66,177.98,159.16,161.03,57.00,51.00,146,146,214,215
906,0,178.81,178.04,158.89,160.66,57.00,51.00,146,146,214,215
907,0,179.02,178.09,158.71,160.67,57.00,51.00,146,146,214,215
908,0,179.10,178.04,158.64,161.22,57.00,51.00,146,146,214,215
909,0,179.43,178.02,158.40,161.69,57.00,51.00,146,146,214,215
